method,dataset,layer_proc,fpr95,auroc,id_acc,exec_time
Mahalanobis,UCF,none,0.27708095781071834,0.9121086875974299,0.8677309007981756,NA
Mahalanobis,HAC,none,0.07753705815279362,0.9821778892509856,0.8677309007981756,NA
Mahalanobis,EPIC,none,0.12428734321550741,0.9610027653014478,0.8677309007981756,NA
maxlogit,UCF,none,0.37058152793614596,0.8972862704850583,0.8677309007981756,NA
maxlogit,HAC,none,0.2314709236031927,0.9425028253331971,0.8677309007981756,NA
maxlogit,EPIC,none,0.07069555302166476,0.977256782573053,0.8677309007981756,NA
msp,UCF,none,0.40592930444697833,0.8800002025612179,0.8677309007981756,NA
msp,HAC,none,0.2862029646522235,0.9156794441538452,0.8677309007981756,NA
msp,EPIC,none,0.1345496009122007,0.9642231370967308,0.8677309007981756,NA
gen,UCF,none,0.37400228050171036,0.9123475410334168,0.8677309007981756,NA
gen,HAC,none,0.24287343215507412,0.9432613063072633,0.8677309007981756,NA
gen,EPIC,none,0.05131128848346636,0.9902429078433388,0.8677309007981756,NA
knn,UCF,none,0.33181299885974913,0.9194836039354267,0.8677309007981756,NA
knn,HAC,none,0.13568985176738882,0.9724771570419848,0.8677309007981756,NA
knn,EPIC,none,0.055872291904218926,0.9898982107823113,0.8677309007981756,NA
ebo,UCF,none,0.37058152793614596,0.8971200014854489,0.8677309007981756,NA
ebo,HAC,none,0.23033067274800456,0.9444720429443901,0.8677309007981756,NA
ebo,EPIC,none,0.07183580387685291,0.9759791210728236,0.8677309007981756,NA
ash,UCF,ash,0.38768529076396807,0.8955222998800669,0.8620296465222349,0:00:00.530498
ash,HAC,ash,0.2348916761687571,0.9448157032879088,0.8620296465222349,0:00:00.626123
ash,EPIC,ash,0.06955530216647662,0.9825081164746,0.8620296465222349,0:00:00.932298
react,UCF,react,0.3728620296465222,0.8968482318515698,0.8654503990877993,0:00:00.391833
react,HAC,react,0.20866590649942987,0.9505631611625365,0.8654503990877993,0:00:00.553978
react,EPIC,react,0.07183580387685291,0.9745787965777024,0.8654503990877993,0:00:01.281754
Mahalanobis,UCF,ash,0.48346636259977194,0.8085408249474396,0.8620296465222349,0:00:43.473811
Mahalanobis,HAC,ash,0.30786773090079816,0.9121976488776067,0.8620296465222349,0:01:22.594077
Mahalanobis,EPIC,ash,0.4013683010262258,0.8346786077375536,0.8620296465222349,0:01:58.292438
Mahalanobis,UCF,react,0.2862029646522235,0.8971714857949726,0.8654503990877993,0:00:41.391626
Mahalanobis,HAC,react,0.12314709236031927,0.9651540552763666,0.8654503990877993,0:01:19.166278
Mahalanobis,EPIC,react,0.19156214367160776,0.9166614971861248,0.8654503990877993,0:01:59.598111
maxlogit,UCF,ash,0.38768529076396807,0.8949821366326054,0.8620296465222349,0:00:00.060326
maxlogit,HAC,ash,0.23603192702394526,0.9434798459565276,0.8620296465222349,0:00:00.048829
maxlogit,EPIC,ash,0.07297605473204105,0.9809970675585171,0.8620296465222349,0:00:00.061580
maxlogit,UCF,react,0.37400228050171036,0.8969663925619519,0.8654503990877993,0:00:00.041670
maxlogit,HAC,react,0.2120866590649943,0.9489123099539751,0.8654503990877993,0:00:00.049584
maxlogit,EPIC,react,0.07411630558722919,0.9769445069333854,0.8654503990877993,0:00:00.077218
msp,UCF,ash,0.4150513112884835,0.8643211202985751,0.8620296465222349,0:00:00.027182
msp,HAC,ash,0.28734321550741165,0.9032758014216544,0.8620296465222349,0:00:00.042857
msp,EPIC,ash,0.16989737742303307,0.9431729733158828,0.8620296465222349,0:00:00.048858
msp,UCF,react,0.4207525655644242,0.8800732090001326,0.8654503990877993,0:00:00.026686
msp,HAC,react,0.2748004561003421,0.9235603616291592,0.8654503990877993,0:00:00.038256
msp,EPIC,react,0.12998859749144812,0.9659441644601764,0.8654503990877993,0:00:00.048826
gen,UCF,ash,0.37400228050171036,0.9017476813070601,0.8620296465222349,0:00:00.036858
gen,HAC,ash,0.2588369441277081,0.9407710335137972,0.8620296465222349,0:00:00.098425
gen,EPIC,ash,0.06499429874572406,0.9847773818801007,0.8620296465222349,0:00:00.076814
gen,UCF,react,0.35347776510832385,0.9170207971290323,0.8654503990877993,0:00:00.037953
gen,HAC,react,0.20752565564424175,0.9563976301938157,0.8654503990877993,0:00:00.059123
gen,EPIC,react,0.04561003420752566,0.9918810674583267,0.8654503990877993,0:00:00.076305
knn,UCF,ash,0.37856328392246297,0.8909891486267616,0.8620296465222349,0:00:00.811443
knn,HAC,ash,0.2234891676168757,0.9419622095033046,0.8620296465222349,0:00:01.145580
knn,EPIC,ash,0.12998859749144812,0.9718621857843421,0.8620296465222349,0:00:01.416484
knn,UCF,react,0.3261117445838084,0.9213885233878025,0.8654503990877993,0:00:00.648588
knn,HAC,react,0.1516533637400228,0.9704195792639598,0.8654503990877993,0:00:01.120285
knn,EPIC,react,0.04446978335233751,0.9911361940809488,0.8654503990877993,0:00:01.455680
ebo,UCF,ash,0.38768529076396807,0.8955222998800669,0.8620296465222349,0:00:00.029635
ebo,HAC,ash,0.2348916761687571,0.9448157032879088,0.8620296465222349,0:00:00.045603
ebo,EPIC,ash,0.06955530216647662,0.9825081164746,0.8620296465222349,0:00:00.057502
ebo,UCF,react,0.3728620296465222,0.8968482318515698,0.8654503990877993,0:00:00.030012
ebo,HAC,react,0.20866590649942987,0.9505631611625365,0.8654503990877993,0:00:00.049764
ebo,EPIC,react,0.07183580387685291,0.9745787965777024,0.8654503990877993,0:00:00.057247
vim,UCF,ash,0.34891676168757124,0.8892099859304354,0.8620296465222349,0:00:59.771790
vim,HAC,ash,0.14481185860889395,0.96613714644551,0.8620296465222349,0:00:48.589382
vim,EPIC,ash,0.10376282782212087,0.9686308117738684,0.8620296465222349,0:00:49.204083
vim,UCF,react,0.2919042189281642,0.9153353189959378,0.8654503990877993,0:00:45.662581
vim,HAC,react,0.09122006841505131,0.9817961193698638,0.8654503990877993,0:00:47.869842
vim,EPIC,react,0.06955530216647662,0.9738911581282844,0.8654503990877993,0:00:49.063331
vim,UCF,none,0.2690992018244014,0.9227414635216786,0.8677309007981756,0:00:55.357998
vim,HAC,none,0.06385404789053592,0.98563000630325,0.8677309007981756,0:00:47.698387
vim,EPIC,none,0.055872291904218926,0.9806241626904583,0.8677309007981756,0:00:49.830122
